Comment ID,Link ID,Parent ID,Author,Score,Publish Date,Permalink,Text,Stickied,Is Submitter
ff4p93g,t3_er7h6f,t3_er7h6f,Bakedalaska1,1,2020-01-20 19:12:24,/r/EDAnonymous/comments/er7h6f/i_just_want_a_flat_stomach_man/ff4p93g/,Fucking same,False,False
ff3h80l,t3_er7h6f,t3_er7h6f,sladkimoloko,1,2020-01-20 11:22:50,/r/EDAnonymous/comments/er7h6f/i_just_want_a_flat_stomach_man/ff3h80l/,im imagining how powerful i would be if my fat went to my butt or boobs rather than settling all around my midsection :-))))    being built like a fridge absolutely sucks and i cant deal with it anymore,False,False
ff3c306,t3_er7h6f,t3_er7h6f,NurseFG,1,2020-01-20 10:36:54,/r/EDAnonymous/comments/er7h6f/i_just_want_a_flat_stomach_man/ff3c306/,My shoulders and arms are lean. I have the top 2 abs and yet this giant blob of fat remains. I just want those last abs to show and skinny legs.,False,False
ff2z8p9,t3_er7h6f,t3_er7h6f,iampieman,1,2020-01-20 08:08:47,/r/EDAnonymous/comments/er7h6f/i_just_want_a_flat_stomach_man/ff2z8p9/,"SAME my lower legs seem to lose weight fast, but my thighs upwards are just so fat. I hate it",False,False
ff2pxae,t3_er7h6f,t3_er7h6f,Soleska,1,2020-01-20 05:09:27,/r/EDAnonymous/comments/er7h6f/i_just_want_a_flat_stomach_man/ff2pxae/,"I've been overweight for so long that I literally have some lose skin on my stomach that won't go away, not matter how much weight I lose. So I probs will never have a flat stomach without surgery.  this shit just sucks",False,False
ff2k202,t3_er7h6f,t3_er7h6f,tesdanwat,1,2020-01-20 02:41:44,/r/EDAnonymous/comments/er7h6f/i_just_want_a_flat_stomach_man/ff2k202/,bro I feel this so hard like whenever any of my friends gain weight they get ‚Äúthicc‚Äù but whenever I gain weight I resemble someone‚Äôs radiator I‚Äôm sick of it!,False,False
ff2jl1s,t3_er7h6f,t3_er7h6f,paperhair,1,2020-01-20 02:31:07,/r/EDAnonymous/comments/er7h6f/i_just_want_a_flat_stomach_man/ff2jl1s/,Oh same. I can't remember a time when I wasn't constantly sucking in. People that have only seen me clothed don't even realize how fat I am.  On top of that I have a small frame - narrow hips and ribcage so no thigh gap or visible ribs for me ever :))),False,False
ff29icd,t3_er7h6f,t3_er7h6f,idkanymoreaboutthis,3,2020-01-19 23:23:20,/r/EDAnonymous/comments/er7h6f/i_just_want_a_flat_stomach_man/ff29icd/,*cries in bloated*,False,False
ff29f13,t3_er7h6f,t3_er7h6f,tseokii,4,2020-01-19 23:21:58,/r/EDAnonymous/comments/er7h6f/i_just_want_a_flat_stomach_man/ff29f13/,I swear to god I have commented this nearly verbatim so many times in this subreddit lmao. I fucking feel you. That's exactly how I describe my body too.  Probiotics and a good sleep schedule have helped for me because it can reduce bloating (and I bloat really bad). Still haven't figured out the flat stomach bit but I know those things have really helped with my dysmorphia about my stomach,False,False
ff243wr,t3_er7h6f,t3_er7h6f,chanelnumber3_,4,2020-01-19 22:07:49,/r/EDAnonymous/comments/er7h6f/i_just_want_a_flat_stomach_man/ff243wr/,Same üò•üò•üò•,False,False
